[{"id":56820,"nid":11370994,"dbId":"u10214730_ckpto877j5td3gd0e7hg","op":"create","value":"[{\"kind\": \"int\", \"name\": \"_id\", \"index\": \"primary\", \"internal\": true, \"readOnly\": true}, {\"kind\": \"string\", \"name\": \"_user\", \"index\": \"normal\", \"order\": 99, \"kindLen\": 100, \"internal\": true, \"readOnly\": true}, {\"kind\": \"timestamp\", \"name\": \"_create\", \"index\": \"normal\", \"order\": 100, \"internal\": true, \"readOnly\": true}, {\"kind\": \"timestamp\", \"name\": \"_update\", \"order\": 101, \"internal\": true, \"readOnly\": true}, {\"kind\": \"text\", \"name\": \"产品标题\", \"order\": 51}, {\"kind\": \"text\", \"name\": \"产品量词\", \"order\": 54}, {\"kind\": \"text\", \"name\": \"产品型号\", \"order\": 56}, {\"kind\": \"text\", \"name\": \"付款方式\", \"order\": 57}, {\"kind\": \"text\", \"name\": \"产品类型\", \"order\": 58}, {\"kind\": \"text\", \"name\": \"产品状态\", \"order\": 59}, {\"kind\": \"text\", \"name\": \"功能\", \"order\": 61}, {\"kind\": \"text\", \"name\": \"属性规格\", \"order\": 62}, {\"kind\": \"text\", \"name\": \"售后支持\", \"order\": 63}, {\"kind\": \"text\", \"name\": \"交货时间\", \"order\": 64}, {\"kind\": \"text\", \"name\": \"交货说明\", \"order\": 65}, {\"kind\": \"text\", \"name\": \"卖家ID\", \"order\": 66}, {\"kind\": \"text\", \"name\": \"一级ID\", \"order\": 68}, {\"kind\": \"text\", \"name\": \"二级ID\", \"order\": 69}, {\"kind\": \"text\", \"name\": \"三级ID\", \"order\": 70}, {\"kind\": \"picture\", \"name\": \"产品URL\", \"order\": 52}, {\"kind\": \"double\", \"name\": \"产品单价\", \"order\": 53}, {\"kind\": \"int\", \"name\": \"MOQ\", \"order\": 55}, {\"kind\": \"int\", \"name\": \"热度\", \"order\": 71}, {\"kind\": \"text\", \"name\": \"是否推荐\", \"order\": 67}, {\"kind\": \"text\", \"name\": \"报价类型\", \"order\": 60}, {\"kind\": \"double\", \"name\": \"评分\", \"order\": 72}, {\"kind\": \"int\", \"name\": \"加购次数\", \"after\": \"热度\", \"order\": 71.5}, {\"kind\": \"int\", \"name\": \"默认规格ID\", \"after\": \"评分\", \"order\": 85.5}, {\"kind\": \"text\", \"name\": \"规格名\", \"order\": 55.5}]"},{"id":56821,"nid":11370994,"dbId":"u10214730_ckptoa77j5td3gd0e7i0","op":"create","value":"[{\"kind\": \"int\", \"name\": \"_id\", \"index\": \"primary\", \"internal\": true, \"readOnly\": true}, {\"kind\": \"string\", \"name\": \"_user\", \"index\": \"normal\", \"order\": 99, \"kindLen\": 100, \"internal\": true, \"readOnly\": true}, {\"kind\": \"timestamp\", \"name\": \"_create\", \"index\": \"normal\", \"order\": 100, \"internal\": true, \"readOnly\": true}, {\"kind\": \"timestamp\", \"name\": \"_update\", \"order\": 101, \"internal\": true, \"readOnly\": true}, {\"kind\": \"text\", \"name\": \"删除\", \"order\": 59}, {\"kind\": \"int\", \"name\": \"产品ID\", \"order\": 51}, {\"kind\": \"double\", \"name\": \"现价\", \"order\": 54}, {\"kind\": \"int\", \"name\": \"库存\", \"order\": 55}, {\"kind\": \"double\", \"name\": \"市场价\", \"order\": 56}, {\"kind\": \"double\", \"name\": \"成本价\", \"order\": 57}, {\"kind\": \"int\", \"name\": \"热度\", \"order\": 58}, {\"kind\": \"text\", \"name\": \"图片\", \"order\": 52}, {\"kind\": \"text\", \"name\": \"规格\", \"order\": 53}, {\"kind\": \"text\", \"name\": \"产品卖点\", \"order\": 53.5}, {\"kind\": \"text\", \"name\": \"尺码\", \"after\": \"规格\", \"order\": 53.25}]"},{"id":56822,"nid":11370994,"dbId":"u10214730_ckptoa77j5td3gd0e7ig","op":"create","value":"[{\"kind\": \"int\", \"name\": \"_id\", \"index\": \"primary\", \"internal\": true, \"readOnly\": true}, {\"kind\": \"string\", \"name\": \"_user\", \"index\": \"normal\", \"order\": 99, \"kindLen\": 100, \"internal\": true, \"readOnly\": true}, {\"kind\": \"timestamp\", \"name\": \"_create\", \"index\": \"normal\", \"order\": 100, \"internal\": true, \"readOnly\": true}, {\"kind\": \"timestamp\", \"name\": \"_update\", \"order\": 101, \"internal\": true, \"readOnly\": true}, {\"kind\": \"text\", \"name\": \"评价内容\", \"order\": 54}, {\"kind\": \"text\", \"name\": \"买家昵称\", \"order\": 61}, {\"kind\": \"double\", \"name\": \"总体评分\", \"order\": 58}, {\"kind\": \"double\", \"name\": \"物流评分\", \"order\": 57}, {\"kind\": \"double\", \"name\": \"服务评分\", \"order\": 56}, {\"kind\": \"double\", \"name\": \"质量评分\", \"order\": 55}, {\"kind\": \"int\", \"name\": \"产品ID\", \"order\": 51}, {\"kind\": \"text\", \"name\": \"规格\", \"after\": \"评价内容\", \"order\": 54.5}, {\"kind\": \"text\", \"name\": \"尺码\", \"after\": \"规格\", \"order\": 54.75}, {\"kind\": \"picture\", \"name\": \"买家秀\", \"order\": 52}, {\"kind\": \"text\", \"name\": \"用户ID\", \"order\": 60}, {\"kind\": \"int\", \"name\": \"删除\", \"order\": 59}]"},{"id":56823,"nid":11370994,"dbId":"u10214730_ckptk0gsd9i7dpjiv160","op":"create","value":"[{\"kind\": \"int\", \"name\": \"_id\", \"index\": \"primary\", \"internal\": true, \"readOnly\": true}, {\"kind\": \"string\", \"name\": \"_user\", \"index\": \"normal\", \"order\": 99, \"kindLen\": 100, \"internal\": true, \"readOnly\": true}, {\"kind\": \"timestamp\", \"name\": \"_create\", \"index\": \"normal\", \"order\": 100, \"internal\": true, \"readOnly\": true}, {\"kind\": \"timestamp\", \"name\": \"_update\", \"order\": 101, \"internal\": true, \"readOnly\": true}, {\"kind\": \"text\", \"name\": \"一级中文\", \"order\": 51}, {\"kind\": \"text\", \"name\": \"一级英文\", \"order\": 52}, {\"kind\": \"text\", \"name\": \"一级ID\", \"order\": 53}]"},{"id":56824,"nid":11370994,"dbId":"u10214730_ckptk0osd9i7dpjiv16g","op":"create","value":"[{\"kind\": \"int\", \"name\": \"_id\", \"index\": \"primary\", \"internal\": true, \"readOnly\": true}, {\"kind\": \"string\", \"name\": \"_user\", \"index\": \"normal\", \"order\": 99, \"kindLen\": 100, \"internal\": true, \"readOnly\": true}, {\"kind\": \"timestamp\", \"name\": \"_create\", \"index\": \"normal\", \"order\": 100, \"internal\": true, \"readOnly\": true}, {\"kind\": \"timestamp\", \"name\": \"_update\", \"order\": 101, \"internal\": true, \"readOnly\": true}, {\"kind\": \"text\", \"name\": \"二级中文\", \"order\": 51}, {\"kind\": \"text\", \"name\": \"二级英文\", \"order\": 52}, {\"kind\": \"int\", \"name\": \"二级ID\", \"order\": 53}]"},{"id":56825,"nid":11370994,"dbId":"u10214730_ckptk177j5td3gd0e7fg","op":"create","value":"[{\"kind\": \"int\", \"name\": \"_id\", \"index\": \"primary\", \"internal\": true, \"readOnly\": true}, {\"kind\": \"string\", \"name\": \"_user\", \"index\": \"normal\", \"order\": 99, \"kindLen\": 100, \"internal\": true, \"readOnly\": true}, {\"kind\": \"timestamp\", \"name\": \"_create\", \"index\": \"normal\", \"order\": 100, \"internal\": true, \"readOnly\": true}, {\"kind\": \"timestamp\", \"name\": \"_update\", \"order\": 101, \"internal\": true, \"readOnly\": true}, {\"kind\": \"text\", \"name\": \"三级中文\", \"order\": 51}, {\"kind\": \"text\", \"name\": \"三级英文\", \"order\": 52}, {\"kind\": \"int\", \"name\": \"三级ID\", \"order\": 53}]"},{"id":56826,"nid":11370994,"dbId":"n11370994_ckqf100mfeq7vfc7d1eg","op":"create","value":"{\"as\": \"一级类目\", \"dbId\": \"u10214730_ckptk0gsd9i7dpjiv160\", \"columns\": [{\"kind\": \"int\", \"name\": \"一级类目._id\", \"alias\": \"一级ID\", \"order\": 0, \"default\": \"league-cmsxm0ga3j50000x7zv0,cmsxm0ra3j50000x7zvg\"}, {\"kind\": \"int\", \"name\": \"二级类目._id\", \"alias\": \"二级ID\", \"order\": 0, \"default\": \"league-cmsxm0ra3j50000x7zvg,cmsxm10a3j50000x7zw0\"}, {\"kind\": \"int\", \"name\": \"三级类目._id\", \"alias\": \"三级ID\", \"order\": 0, \"default\": \"single-cmsxm10a3j50000x7zw0\"}, {\"kind\": \"text\", \"name\": \"一级类目.一级中文\", \"alias\": \"一级中文\", \"order\": 0, \"default\": \"single-cmsxm0ga3j50000x7zv0\"}, {\"kind\": \"text\", \"name\": \"一级类目.一级英文\", \"alias\": \"一级英文\", \"order\": 0, \"default\": \"single-cmsxm0ga3j50000x7zv0\"}, {\"kind\": \"text\", \"name\": \"二级类目.二级中文\", \"alias\": \"二级中文\", \"order\": 0, \"default\": \"single-cmsxm0ra3j50000x7zvg\"}, {\"kind\": \"text\", \"name\": \"二级类目.二级英文\", \"alias\": \"二级英文\", \"order\": 0, \"default\": \"single-cmsxm0ra3j50000x7zvg\"}, {\"kind\": \"text\", \"name\": \"三级类目.三级中文\", \"alias\": \"三级中文\", \"order\": 0, \"default\": \"single-cmsxm10a3j50000x7zw0\"}, {\"kind\": \"text\", \"name\": \"三级类目.三级英文\", \"alias\": \"三级英文\", \"order\": 0, \"default\": \"single-cmsxm10a3j50000x7zw0\"}], \"joinTables\": [{\"as\": \"二级类目\", \"on\": \"一级类目._id=二级类目.二级ID\", \"type\": \"left\", \"table\": \"u10214730_ckptk0osd9i7dpjiv16g\"}, {\"as\": \"三级类目\", \"on\": \"二级类目._id=三级类目.三级ID\", \"type\": \"left\", \"table\": \"u10214730_ckptk177j5td3gd0e7fg\"}]}"},{"id":56827,"nid":11370994,"dbId":"u10214730_ckpt5igmfeq7vfc7cj8g","op":"create","value":"[{\"kind\": \"int\", \"name\": \"_id\", \"index\": \"primary\", \"internal\": true, \"readOnly\": true}, {\"kind\": \"string\", \"name\": \"_user\", \"index\": \"normal\", \"order\": 99, \"kindLen\": 100, \"internal\": true, \"readOnly\": true}, {\"kind\": \"timestamp\", \"name\": \"_create\", \"index\": \"normal\", \"order\": 100, \"internal\": true, \"readOnly\": true}, {\"kind\": \"timestamp\", \"name\": \"_update\", \"order\": 101, \"internal\": true, \"readOnly\": true}, {\"kind\": \"text\", \"name\": \"产品标题\", \"order\": 52}, {\"kind\": \"text\", \"name\": \"产品属性要求\", \"order\": 54}, {\"kind\": \"text\", \"name\": \"详细描述\", \"order\": 55}, {\"kind\": \"text\", \"name\": \"邮箱地址\", \"order\": 56}, {\"kind\": \"text\", \"name\": \"url\", \"order\": 57}, {\"kind\": \"picture\", \"name\": \"产品图\", \"order\": 51}, {\"kind\": \"int\", \"name\": \"产品数量\", \"order\": 53}]"},{"id":56828,"nid":11370994,"dbId":"u10214730_ckpt5o77j5td3gd0e780","op":"create","value":"[{\"kind\": \"int\", \"name\": \"_id\", \"index\": \"primary\", \"internal\": true, \"readOnly\": true}, {\"kind\": \"string\", \"name\": \"_user\", \"index\": \"normal\", \"order\": 99, \"kindLen\": 100, \"internal\": true, \"readOnly\": true}, {\"kind\": \"timestamp\", \"name\": \"_create\", \"index\": \"normal\", \"order\": 100, \"internal\": true, \"readOnly\": true}, {\"kind\": \"timestamp\", \"name\": \"_update\", \"order\": 101, \"internal\": true, \"readOnly\": true}, {\"kind\": \"text\", \"name\": \"邮箱\", \"order\": 51}, {\"kind\": \"text\", \"name\": \"省份\", \"order\": 52}, {\"kind\": \"text\", \"name\": \"城市\", \"order\": 53}, {\"kind\": \"text\", \"name\": \"IP\", \"order\": 54}, {\"kind\": \"text\", \"name\": \"关键词\", \"order\": 55}]"},{"id":56829,"nid":11370994,"dbId":"n11370994_ckpt5q8mfeq7vfc7cj9g","op":"create","value":"[{\"kind\": \"int\", \"name\": \"_id\", \"index\": \"primary\", \"internal\": true, \"readOnly\": true}, {\"kind\": \"string\", \"name\": \"_user\", \"index\": \"normal\", \"order\": 1, \"kindLen\": 32, \"internal\": true, \"readOnly\": true}, {\"kind\": \"text\", \"name\": \"receivers\", \"order\": 3, \"internal\": true, \"readOnly\": true}, {\"kind\": \"string\", \"name\": \"title\", \"order\": 4, \"kindLen\": 255, \"internal\": true, \"readOnly\": true}, {\"kind\": \"text\", \"name\": \"body\", \"order\": 5, \"internal\": true, \"readOnly\": true}, {\"kind\": \"timestamp\", \"name\": \"_create\", \"index\": \"normal\", \"order\": 100, \"internal\": true, \"readOnly\": true}, {\"kind\": \"timestamp\", \"name\": \"_update\", \"order\": 101, \"internal\": true, \"readOnly\": true}]"},{"id":56830,"nid":11370994,"dbId":"u10214730_ckpspfv7j5td3gd0e6v0","op":"create","value":"[{\"kind\": \"int\", \"name\": \"_id\", \"index\": \"primary\", \"internal\": true, \"readOnly\": true}, {\"kind\": \"string\", \"name\": \"_user\", \"index\": \"normal\", \"order\": 99, \"kindLen\": 100, \"internal\": true, \"readOnly\": true}, {\"kind\": \"timestamp\", \"name\": \"_create\", \"index\": \"normal\", \"order\": 100, \"internal\": true, \"readOnly\": true}, {\"kind\": \"timestamp\", \"name\": \"_update\", \"order\": 101, \"internal\": true, \"readOnly\": true}, {\"kind\": \"text\", \"name\": \"关键词\", \"order\": 51}, {\"kind\": \"text\", \"name\": \"英文关键词\", \"order\": 52}, {\"kind\": \"text\", \"name\": \"一级ID\", \"order\": 54}, {\"kind\": \"text\", \"name\": \"二级ID\", \"order\": 55}, {\"kind\": \"text\", \"name\": \"三级ID\", \"order\": 56}, {\"kind\": \"int\", \"name\": \"热度\", \"order\": 53}]"},{"id":56831,"nid":11370994,"dbId":"u10214730_ckr5nqf7j5td3gd0fiqg","op":"create","value":"[{\"kind\": \"int\", \"name\": \"_id\", \"index\": \"primary\", \"internal\": true, \"readOnly\": true}, {\"kind\": \"string\", \"name\": \"_user\", \"index\": \"normal\", \"order\": 99, \"kindLen\": 100, \"internal\": true, \"readOnly\": true}, {\"kind\": \"timestamp\", \"name\": \"_create\", \"index\": \"normal\", \"order\": 100, \"internal\": true, \"readOnly\": true}, {\"kind\": \"timestamp\", \"name\": \"_update\", \"order\": 101, \"internal\": true, \"readOnly\": true}, {\"kind\": \"text\", \"name\": \"产品名称\", \"order\": 53}, {\"kind\": \"text\", \"name\": \"规格名\", \"order\": 55}, {\"kind\": \"text\", \"name\": \"规格尺码\", \"order\": 56}, {\"kind\": \"int\", \"name\": \"产品ID\", \"order\": 52}, {\"kind\": \"int\", \"name\": \"数量\", \"order\": 57}, {\"kind\": \"double\", \"name\": \"规格价\", \"order\": 58}, {\"kind\": \"int\", \"name\": \"购物车删除\", \"order\": 60}, {\"kind\": \"int\", \"name\": \"规格删除\", \"order\": 59}, {\"kind\": \"text\", \"name\": \"用户ID\", \"order\": 61}, {\"kind\": \"picture\", \"name\": \"规格图片\", \"order\": 54}, {\"kind\": \"int\", \"name\": \"产品删除\", \"after\": \"规格价\", \"order\": 58.5}]"},{"id":56832,"nid":11370994,"dbId":"u10214730_ckr6epdd9iv250br42cg","op":"create","value":"[{\"kind\": \"int\", \"name\": \"_id\", \"index\": \"primary\", \"internal\": true, \"readOnly\": true}, {\"kind\": \"string\", \"name\": \"_user\", \"index\": \"normal\", \"order\": 1, \"kindLen\": 100, \"internal\": true}, {\"kind\": \"string\", \"name\": \"password\", \"order\": 2, \"internal\": true}, {\"kind\": \"string\", \"name\": \"openid\", \"index\": \"unique\", \"order\": 3, \"kindLen\": 32, \"internal\": true}, {\"kind\": \"string\", \"name\": \"unionid\", \"index\": \"normal\", \"order\": 3.5, \"kindLen\": 32, \"internal\": true}, {\"kind\": \"string\", \"name\": \"email\", \"index\": \"normal\", \"order\": 4, \"kindLen\": 50, \"internal\": true}, {\"kind\": \"string\", \"name\": \"nick\", \"order\": 5, \"kindLen\": 50, \"internal\": true}, {\"kind\": \"picture\", \"name\": \"headimgurl\", \"order\": 6, \"kindLen\": 255, \"internal\": true}, {\"kind\": \"bool\", \"name\": \"banned\", \"order\": 7, \"internal\": true}, {\"kind\": \"string\", \"name\": \"user_type\", \"order\": 8, \"internal\": true}, {\"kind\": \"int\", \"name\": \"account_type\", \"order\": 9, \"internal\": true}, {\"kind\": \"timestamp\", \"name\": \"_create\", \"index\": \"normal\", \"order\": 100, \"internal\": true, \"readOnly\": true}, {\"kind\": \"timestamp\", \"name\": \"_update\", \"order\": 101, \"internal\": true, \"readOnly\": true}, {\"kind\": \"int\", \"name\": \"待发货\", \"after\": \"总退款金额\", \"order\": 78}, {\"kind\": \"int\", \"name\": \"待收货\", \"after\": \"待发货\", \"order\": 89}, {\"kind\": \"int\", \"name\": \"退款中\", \"after\": \"待收货\", \"order\": 94.5}, {\"kind\": \"int\", \"name\": \"待付款\", \"after\": \"总退款金额\", \"order\": 67}, {\"kind\": \"double\", \"name\": \"总退款金额\", \"order\": 56}, {\"kind\": \"double\", \"name\": \"总消费金额\", \"order\": 55}]"},{"id":56833,"nid":11370994,"dbId":"u10214730_ckse6p0sd9i7dpjj20pg","op":"create","value":"[{\"kind\": \"int\", \"name\": \"_id\", \"index\": \"primary\", \"internal\": true, \"readOnly\": true}, {\"kind\": \"string\", \"name\": \"_user\", \"index\": \"normal\", \"order\": 99, \"kindLen\": 100, \"internal\": true, \"readOnly\": true}, {\"kind\": \"timestamp\", \"name\": \"_create\", \"index\": \"normal\", \"order\": 100, \"internal\": true, \"readOnly\": true}, {\"kind\": \"timestamp\", \"name\": \"_update\", \"order\": 101, \"internal\": true, \"readOnly\": true}, {\"kind\": \"picture\", \"name\": \"图片\", \"after\": \"_id\", \"order\": 50}, {\"kind\": \"text\", \"name\": \"链接\", \"after\": \"图片\", \"order\": 74.5}, {\"kind\": \"int\", \"name\": \"状态\", \"order\": 86.75}, {\"kind\": \"text\", \"name\": \"商户ID\", \"after\": \"_id\"}]"},{"id":56877,"nid":11370994,"dbId":"u10214730_ckptoa77j5td3gd0e7i0","col":"图片","op":"change","value":"{\"name\":\"图片\",\"kind\":\"picture\",\"order\":52}"},{"id":56878,"nid":11370994,"dbId":"u10214730_ckptoa77j5td3gd0e7i0","col":"图片","op":"change","value":"{\"name\":\"图片\",\"kind\":\"text\",\"order\":52}"},{"id":56879,"nid":11370994,"dbId":"u10214730_ckptoa77j5td3gd0e7i0","col":"图片","op":"change","value":"{\"name\":\"图片\",\"kind\":\"picture\",\"order\":52}"},{"id":56962,"nid":11375708,"dbId":"u10214730_ckpt5igmfeq7vfc7cj8g","col":"WhatsApp","op":"add","value":"{\"name\":\"WhatsApp\",\"kind\":\"text\",\"order\":56.5,\"after\":\"邮箱地址\"}"},{"id":57016,"nid":11370994,"dbId":"u10214730_ckpt5o77j5td3gd0e780","col":"商户ID","op":"add","value":"{\"name\":\"商户ID\",\"kind\":\"text\",\"after\":\"_id\"}"},{"id":57017,"nid":11370994,"dbId":"u10214730_ckpt5igmfeq7vfc7cj8g","col":"商户ID","op":"add","value":"{\"name\":\"商户ID\",\"kind\":\"text\",\"after\":\"_id\"}"},{"id":57018,"nid":11370994,"dbId":"u10214730_ckptoa77j5td3gd0e7ig","col":"商户ID","op":"add","value":"{\"name\":\"商户ID\",\"kind\":\"text\",\"after\":\"_id\"}"},{"id":57019,"nid":11370994,"dbId":"u10214730_ckptoa77j5td3gd0e7i0","col":"删除","op":"change","value":"{\"name\":\"删除\",\"kind\":\"int\",\"order\":59}"},{"id":57020,"nid":11370994,"dbId":"u10214730_ckptoa77j5td3gd0e7ig","col":"商户ID","op":"drop","value":"{}"},{"id":57021,"nid":11370994,"dbId":"u10214730_ckpt5igmfeq7vfc7cj8g","col":"商户ID","op":"change","value":"{\"name\":\"卖家ID\",\"kind\":\"text\"}"},{"id":57022,"nid":11370994,"dbId":"u10214730_ckpt5o77j5td3gd0e780","col":"商户ID","op":"change","value":"{\"name\":\"卖家ID\",\"kind\":\"text\"}"},{"id":57027,"nid":11370994,"dbId":"u10214730_ckse6p0sd9i7dpjj20pg","col":"商户ID","op":"change","value":"{\"name\":\"卖家ID\",\"kind\":\"text\"}"},{"id":57044,"nid":11379312,"dbId":"u10214730_ckr6epdd9iv250br42cg","col":"删除","op":"add","value":"{\"name\":\"删除\",\"kind\":\"int\",\"order\":97.25,\"after\":\"退款中\"}"},{"id":57045,"nid":11379312,"dbId":"u10214730_ckr6epdd9iv250br42cg","col":"删除","op":"change","value":"{\"name\":\"删除\",\"kind\":\"int\",\"order\":97.25}"},{"id":57046,"nid":11379312,"dbId":"u10214730_ckr6epdd9iv250br42cg","col":"卖家ID","op":"add","value":"{\"name\":\"卖家ID\",\"kind\":\"text\",\"order\":98.625,\"after\":\"删除\"}"},{"id":57111,"nid":11379312,"dbId":"u10214730_ckr5nqf7j5td3gd0fiqg","col":"卖家ID","op":"add","value":"{\"name\":\"卖家ID\",\"kind\":\"text\",\"after\":\"_id\"}"},{"id":57246,"nid":11379312,"dbId":"u10214730_ckpto877j5td3gd0e7hg","col":"产品型号","op":"change","value":"{\"name\":\"产品型号\",\"kind\":\"text\",\"order\":55.25,\"after\":\"MOQ\"}"},{"id":57247,"nid":11379312,"dbId":"u10214730_ckpto877j5td3gd0e7hg","col":"品牌","op":"add","value":"{\"name\":\"品牌\",\"kind\":\"text\",\"order\":55.125,\"after\":\"MOQ\"}"},{"id":57303,"nid":11379312,"dbId":"u10214730_ckpto877j5td3gd0e7hg","col":"三级ID","op":"change","value":"{\"name\":\"三级ID\",\"kind\":\"int\",\"order\":70}"},{"id":58230,"nid":11379312,"dbId":"u10214730_ckptoa77j5td3gd0e7i0","col":"产品编码","op":"add","value":"{\"name\":\"产品编码\",\"kind\":\"text\",\"order\":57.5,\"after\":\"成本价\"}"},{"id":58309,"nid":11379312,"dbId":"u10214730_ckpto877j5td3gd0e7hg","col":"属性规格","op":"change","value":"{\"name\":\"功能与属性\",\"kind\":\"text\",\"order\":62}"},{"id":58310,"nid":11379312,"dbId":"u10214730_ckpto877j5td3gd0e7hg","col":"功能与属性","op":"drop","value":"{}"},{"id":58311,"nid":11379312,"dbId":"u10214730_ckpto877j5td3gd0e7hg","col":"功能","op":"change","value":"{\"name\":\"功能属性\",\"kind\":\"text\",\"order\":61}"},{"id":58322,"nid":11379312,"dbId":"u10214730_ckpto877j5td3gd0e7hg","col":"付款方式","op":"change","value":"{\"name\":\"付款方式\",\"kind\":\"text\",\"order\":57}"},{"id":58324,"nid":11379312,"dbId":"u10214730_ckpto877j5td3gd0e7hg","col":"付款方式","op":"change","value":"{\"name\":\"付款方式\",\"kind\":\"object\",\"order\":57}"},{"id":58325,"nid":11379312,"dbId":"u10214730_ckpto877j5td3gd0e7hg","col":"默认规格ID","op":"change","value":"{\"name\":\"产品浏览量\",\"kind\":\"int\",\"order\":85.5}"},{"id":58578,"nid":11379312,"dbId":"u10214730_ckse6p0sd9i7dpjj20pg","col":"状态","op":"drop","value":"{}"},{"id":58579,"nid":11379312,"dbId":"u10214730_ckse6p0sd9i7dpjj20pg","col":"端口","op":"add","value":"{\"name\":\"端口\",\"kind\":\"text\",\"order\":86.75,\"after\":\"链接\"}"},{"id":58680,"nid":11379312,"dbId":"u10214730_ckr5nqf7j5td3gd0fiqg","col":"购物车删除","op":"drop","value":"{}"},{"id":58682,"nid":11379312,"dbId":"u10214730_ckr5nqf7j5td3gd0fiqg","col":"备注信息","op":"add","value":"{\"name\":\"备注信息\",\"kind\":\"text\",\"order\":58.25,\"after\":\"规格价\"}"},{"id":58721,"nid":11379312,"dbId":"u10214730_ckr5nqf7j5td3gd0fiqg","col":"邮箱","op":"add","value":"{\"name\":\"邮箱\",\"kind\":\"text\",\"order\":80,\"after\":\"用户ID\"}"},{"id":58722,"nid":11379312,"dbId":"u10214730_ckr5nqf7j5td3gd0fiqg","col":"手机号","op":"add","value":"{\"name\":\"手机号\",\"kind\":\"text\",\"order\":89.5,\"after\":\"邮箱\"}"},{"id":58723,"nid":11379312,"dbId":"u10214730_ckpt5o77j5td3gd0e780","col":"关键词","op":"change","value":"{\"name\":\"关键词\",\"kind\":\"text\",\"order\":53.5,\"after\":\"城市\"}"},{"id":58724,"nid":11379312,"dbId":"u10214730_ckpt5o77j5td3gd0e780","col":"备注信息","op":"add","value":"{\"name\":\"备注信息\",\"kind\":\"text\",\"order\":53.75,\"after\":\"关键词\"}"},{"id":58725,"nid":11379312,"dbId":"u10214730_ckpt5igmfeq7vfc7cj8g","col":"备注信息","op":"add","value":"{\"name\":\"备注信息\",\"kind\":\"text\",\"order\":56.75,\"after\":\"WhatsApp\"}"},{"id":58726,"nid":11379312,"dbId":"u10214730_ckptoa77j5td3gd0e7ig","col":"卖家ID","op":"add","value":"{\"name\":\"卖家ID\",\"kind\":\"text\",\"after\":\"_id\"}"},{"id":58878,"nid":11379312,"dbId":"u10214730_ckpt5igmfeq7vfc7cj8g","col":"用户ID","op":"add","value":"{\"name\":\"用户ID\",\"kind\":\"int\",\"after\":\"卖家ID\"}"},{"id":58879,"nid":11379312,"dbId":"u10214730_ckpt5o77j5td3gd0e780","col":"用户ID","op":"add","value":"{\"name\":\"用户ID\",\"kind\":\"int\",\"after\":\"卖家ID\"}"},{"id":58892,"nid":11379312,"dbId":"u10214730_ckptoa77j5td3gd0e7ig","col":"用户ID","op":"change","value":"{\"name\":\"用户头像\",\"kind\":\"text\",\"order\":60}"},{"id":58893,"nid":11379312,"dbId":"u10214730_ckptoa77j5td3gd0e7ig","col":"用户ID","op":"add","value":"{\"name\":\"用户ID\",\"kind\":\"int\",\"order\":59.5,\"after\":\"删除\"}"},{"id":58894,"nid":11379312,"dbId":"u10214730_ckptoa77j5td3gd0e7ig","col":"用户头像","op":"change","value":"{\"name\":\"用户头像\",\"kind\":\"picture\",\"order\":60}"},{"id":59134,"nid":11370994,"dbId":"u10214730_ckpto877j5td3gd0e7hg","col":"产品类型","op":"change","value":"{\"name\":\"产品类型\",\"kind\":\"text\",\"order\":58}"},{"id":60174,"nid":11370994,"dbId":"u10214730_cl7orlklnuo3egeu1jq0","op":"create","value":"[{\"kind\": \"int\", \"name\": \"_id\", \"index\": \"primary\", \"internal\": true, \"readOnly\": true}, {\"kind\": \"string\", \"name\": \"_user\", \"index\": \"normal\", \"order\": 99, \"kindLen\": 100, \"internal\": true, \"readOnly\": true}, {\"kind\": \"timestamp\", \"name\": \"_create\", \"index\": \"normal\", \"order\": 100, \"internal\": true, \"readOnly\": true}, {\"kind\": \"timestamp\", \"name\": \"_update\", \"order\": 101, \"internal\": true, \"readOnly\": true}, {\"kind\": \"text\", \"name\": \"卖家ID\", \"after\": \"_id\", \"order\": 50}, {\"kind\": \"text\", \"name\": \"公司名称\", \"order\": 74.5}, {\"kind\": \"object\", \"name\": \"主营产品\", \"after\": \"服务亮点\", \"order\": 97.46875}, {\"kind\": \"object\", \"name\": \"服务亮点\", \"order\": 95.9375}, {\"kind\": \"text\", \"name\": \"创立时间\", \"after\": \"主营产品\", \"order\": 98.234375}, {\"kind\": \"text\", \"name\": \"工厂面积\", \"after\": \"创立时间\", \"order\": 98.6171875}, {\"kind\": \"text\", \"name\": \"员工人数\", \"after\": \"工厂面积\", \"order\": 98.80859375}, {\"kind\": \"text\", \"name\": \"办公地址\", \"after\": \"员工人数\", \"order\": 98.904296875}, {\"kind\": \"object\", \"name\": \"服务时间\", \"after\": \"办公地址\", \"order\": 98.9521484375}, {\"kind\": \"picture\", \"name\": \"视频介绍\", \"order\": 92.875}, {\"kind\": \"object\", \"name\": \"公司介绍\", \"order\": 83.6875}]"},{"id":62475,"nid":11379312,"dbId":"u10214730_ckpt5igmfeq7vfc7cj8g","col":"产品ID","op":"add","value":"{\"name\":\"产品ID\",\"kind\":\"int\",\"after\":\"用户ID\"}"},{"id":63144,"nid":11379312,"dbId":"u10214730_cl7orlklnuo3egeu1jq0","col":"业务手机","op":"add","value":"{\"name\":\"业务手机\",\"kind\":\"text\",\"order\":98.92822265625,\"after\":\"办公地址\"}"},{"id":63145,"nid":11379312,"dbId":"u10214730_cl7orlklnuo3egeu1jq0","col":"业务邮箱","op":"add","value":"{\"name\":\"业务邮箱\",\"kind\":\"text\",\"order\":98.916259765625,\"after\":\"办公地址\"}"},{"id":64495,"nid":11379312,"dbId":"u10214730_ckr6epdd9iv250br42cg","col":"职位","op":"add","value":"{\"name\":\"职位\",\"kind\":\"text\",\"order\":99.3125,\"after\":\"卖家ID\"}"},{"id":64499,"nid":11379312,"dbId":"u10214730_ckr6epdd9iv250br42cg","col":"姓名","op":"add","value":"{\"name\":\"姓名\",\"kind\":\"text\",\"order\":98.96875,\"after\":\"卖家ID\"}"},{"id":64685,"nid":11401364,"dbId":"u10214730_cmb2bntjbbtc4868avt0","op":"create","value":"[{\"kind\": \"int\", \"name\": \"_id\", \"index\": \"primary\", \"internal\": true, \"readOnly\": true}, {\"kind\": \"string\", \"name\": \"path\", \"index\": \"unique\", \"order\": 1, \"kindLen\": 64, \"internal\": true, \"caseSensitive\": true}, {\"kind\": \"string\", \"name\": \"title\", \"order\": 2, \"kindLen\": 256, \"internal\": true}, {\"kind\": \"text\", \"name\": \"keywords\", \"order\": 3, \"internal\": true}, {\"kind\": \"text\", \"name\": \"description\", \"order\": 4, \"internal\": true}, {\"kind\": \"string\", \"name\": \"_user\", \"index\": \"normal\", \"order\": 99, \"kindLen\": 100, \"internal\": true, \"readOnly\": true}, {\"kind\": \"timestamp\", \"name\": \"_create\", \"index\": \"normal\", \"order\": 100, \"internal\": true, \"readOnly\": true}, {\"kind\": \"timestamp\", \"name\": \"_update\", \"order\": 101, \"internal\": true, \"readOnly\": true}, {\"kind\": \"text\", \"name\": \"博客纯文本\", \"order\": 57}, {\"kind\": \"picture\", \"name\": \"封面图\", \"order\": 52}, {\"kind\": \"int\", \"name\": \"阅读量\", \"order\": 60}, {\"kind\": \"int\", \"name\": \"分类ID\", \"order\": 54}, {\"kind\": \"int\", \"name\": \"用户ID\", \"order\": 58}, {\"kind\": \"int\", \"name\": \"是否删除\", \"order\": 61}, {\"kind\": \"object\", \"name\": \"博客内容\", \"order\": 56}, {\"kind\": \"object\", \"name\": \"标签\", \"order\": 55}]"},{"id":64708,"nid":11379312,"dbId":"u10214730_cmb2bntjbbtc4868avt0","col":"博客纯文本","op":"drop","value":"{}"},{"id":64709,"nid":11379312,"dbId":"u10214730_cmb2bntjbbtc4868avt0","col":"卖家ID","op":"add","value":"{\"name\":\"卖家ID\",\"kind\":\"text\",\"order\":59}"},{"id":64710,"nid":11379312,"dbId":"u10214730_cmb2bntjbbtc4868avt0","col":"卖家ID","op":"change","value":"{\"name\":\"SID\",\"kind\":\"text\",\"order\":59}"},{"id":67614,"nid":11447208,"dbId":"u10214730_ckr6epdd9iv250br42cg","col":"余额","op":"add","value":"{\"name\":\"余额\",\"kind\":\"double\",\"order\":99.65625,\"after\":\"职位\"}"},{"id":67615,"nid":11447208,"dbId":"u10214730_ckr6epdd9iv250br42cg","col":"余额","op":"drop","value":"{}"},{"id":67707,"nid":11447208,"dbId":"u10214730_ckr6epdd9iv250br42cg","col":"剩余tokens","op":"add","value":"{\"name\":\"剩余tokens\",\"kind\":\"int\",\"order\":99.65625,\"after\":\"职位\"}"},{"id":67708,"nid":11447208,"dbId":"u10214730_ckr6epdd9iv250br42cg","col":"剩余图片资源","op":"add","value":"{\"name\":\"剩余图片资源\",\"kind\":\"int\",\"order\":99.828125,\"after\":\"剩余tokens\"}"},{"id":67709,"nid":11447208,"dbId":"u10214730_ckr6epdd9iv250br42cg","col":"剩余图片资源","op":"change","value":"{\"name\":\"剩余图片数\",\"kind\":\"int\",\"order\":99.828125}"},{"id":67710,"nid":11447208,"dbId":"u10214730_ckr6epdd9iv250br42cg","col":"剩余tokens","op":"change","value":"{\"name\":\"剩余tokens数\",\"kind\":\"int\",\"order\":99.65625}"},{"id":67821,"nid":11447208,"dbId":"u10214730_ckr6epdd9iv250br42cg","col":"赠送token","op":"add","value":"{\"name\":\"赠送token\",\"kind\":\"int\",\"order\":99.9140625,\"after\":\"剩余图片数\"}"},{"id":67822,"nid":11447208,"dbId":"u10214730_ckr6epdd9iv250br42cg","col":"赠送图片","op":"add","value":"{\"name\":\"赠送图片\",\"kind\":\"int\",\"order\":99.95703125,\"after\":\"赠送token\"}"},{"id":68461,"nid":11447208,"dbId":"u10214730_ckr6epdd9iv250br42cg","col":"剩余tokens数","op":"drop","value":"{}"},{"id":68462,"nid":11447208,"dbId":"u10214730_ckr6epdd9iv250br42cg","col":"剩余图片数","op":"drop","value":"{}"},{"id":68463,"nid":11447208,"dbId":"u10214730_ckr6epdd9iv250br42cg","col":"赠送token","op":"drop","value":"{}"},{"id":68464,"nid":11447208,"dbId":"u10214730_ckr6epdd9iv250br42cg","col":"赠送图片","op":"drop","value":"{}"},{"id":92459,"nid":11379312,"dbId":"u10214730_ckpto877j5td3gd0e7hg","col":"箱长","op":"add","value":"{\"name\":\"箱长\",\"kind\":\"double\",\"order\":92.25,\"after\":\"产品浏览量\"}"},{"id":92460,"nid":11379312,"dbId":"u10214730_ckpto877j5td3gd0e7hg","col":"箱宽","op":"add","value":"{\"name\":\"箱宽\",\"kind\":\"double\",\"order\":95.625,\"after\":\"箱长\"}"},{"id":92461,"nid":11379312,"dbId":"u10214730_ckpto877j5td3gd0e7hg","col":"箱高","op":"add","value":"{\"name\":\"箱高\",\"kind\":\"double\",\"order\":97.3125,\"after\":\"箱宽\"}"},{"id":92462,"nid":11379312,"dbId":"u10214730_ckpto877j5td3gd0e7hg","col":"毛重","op":"add","value":"{\"name\":\"毛重\",\"kind\":\"double\",\"order\":98.15625,\"after\":\"箱高\"}"},{"id":92463,"nid":11379312,"dbId":"u10214730_ckpto877j5td3gd0e7hg","col":"装箱数量","op":"add","value":"{\"name\":\"装箱数量\",\"kind\":\"int\",\"order\":98.578125,\"after\":\"毛重\"}"},{"id":92464,"nid":11379312,"dbId":"u10214730_ckptoa77j5td3gd0e7i0","col":"包装长","op":"add","value":"{\"name\":\"包装长\",\"kind\":\"double\",\"order\":79,\"after\":\"删除\"}"},{"id":92465,"nid":11379312,"dbId":"u10214730_ckptoa77j5td3gd0e7i0","col":"包装宽","op":"add","value":"{\"name\":\"包装宽\",\"kind\":\"double\",\"order\":89,\"after\":\"包装长\"}"},{"id":92466,"nid":11379312,"dbId":"u10214730_ckptoa77j5td3gd0e7i0","col":"包装高","op":"add","value":"{\"name\":\"包装高\",\"kind\":\"double\",\"order\":94,\"after\":\"包装宽\"}"},{"id":92467,"nid":11379312,"dbId":"u10214730_ckptoa77j5td3gd0e7i0","col":"毛重","op":"add","value":"{\"name\":\"毛重\",\"kind\":\"double\",\"order\":96.5,\"after\":\"包装高\"}"},{"id":92468,"nid":11379312,"dbId":"u10214730_ckptoa77j5td3gd0e7i0","col":"毛重","op":"change","value":"{\"name\":\"单件毛重\",\"kind\":\"double\",\"order\":96.5}"},{"id":92788,"nid":11379312,"dbId":"u10214730_ckpto877j5td3gd0e7hg","col":"发布人","op":"add","value":"{\"name\":\"发布人\",\"kind\":\"text\",\"order\":98.7890625,\"after\":\"装箱数量\"}"},{"id":97953,"nid":11401364,"dbId":"u10214730_cmb2bntjbbtc4868avt0","col":"点赞数","op":"add","value":"{\"name\":\"点赞数\",\"kind\":\"int\",\"order\":80,\"after\":\"是否删除\"}"},{"id":97956,"nid":11401364,"dbId":"u10214730_cmb2bntjbbtc4868avt0","col":"昵称","op":"add","value":"{\"name\":\"昵称\",\"kind\":\"text\",\"order\":89.5,\"after\":\"点赞数\"}"},{"id":97957,"nid":11401364,"dbId":"u10214730_cmb2bntjbbtc4868avt0","col":"昵称","op":"drop","value":"{}"},{"id":144588,"nid":11370994,"dbId":"u10214730_cl7orlklnuo3egeu1jq0","col":"团队照片","op":"add","value":"{\"name\":\"团队照片\",\"kind\":\"picture\",\"order\":88.28125,\"after\":\"公司介绍\"}"},{"id":144622,"nid":11379312,"dbId":"u10214730_cl7orlklnuo3egeu1jq0","col":"团队照片","op":"change","value":"{\"name\":\"团队照片\",\"kind\":\"text\",\"order\":88.28125}"},{"id":144623,"nid":11379312,"dbId":"u10214730_cl7orlklnuo3egeu1jq0","col":"团队照片","op":"change","value":"{\"name\":\"团队照片\",\"kind\":\"picture\",\"order\":88.28125}"},{"id":145574,"nid":11401364,"dbId":"u10214730_cmb2bntjbbtc4868avt0","col":"LD结构数据","op":"add","value":"{\"name\":\"LD结构数据\",\"kind\":\"object\",\"order\":57,\"after\":\"博客内容\"}"},{"id":145576,"nid":11401364,"dbId":"u10214730_cmb2bntjbbtc4868avt0","col":"LD结构数据","op":"change","value":"{\"name\":\"LD结构数据\",\"kind\":\"text\",\"order\":57}"},{"id":149208,"nid":11370994,"dbId":"u10214730_ckr5nqf7j5td3gd0fiqg","col":"规格ID","op":"add","value":"{\"name\":\"规格ID\",\"kind\":\"int\",\"order\":53.5,\"after\":\"产品名称\"}"},{"id":149513,"nid":11370994,"dbId":"u10214730_d4o0l17lnktnvrol0k5g","op":"create","value":"[{\"kind\": \"int\", \"name\": \"_id\", \"index\": \"primary\", \"internal\": true, \"readOnly\": true}, {\"kind\": \"string\", \"name\": \"_user\", \"index\": \"normal\", \"order\": 99, \"kindLen\": 100, \"internal\": true, \"readOnly\": true}, {\"kind\": \"timestamp\", \"name\": \"_create\", \"index\": \"normal\", \"order\": 100, \"internal\": true, \"readOnly\": true}, {\"kind\": \"timestamp\", \"name\": \"_update\", \"order\": 101, \"internal\": true, \"readOnly\": true}, {\"kind\": \"text\", \"name\": \"订单号\", \"after\": \"_id\", \"order\": 50}, {\"kind\": \"text\", \"name\": \"第三方订单号\", \"after\": \"订单号\", \"order\": 74.5}, {\"kind\": \"text\", \"name\": \"支付渠道\", \"after\": \"第三方订单号\", \"order\": 86.75}, {\"kind\": \"text\", \"name\": \"支付金额\", \"after\": \"支付渠道\", \"order\": 92.875}, {\"kind\": \"int\", \"name\": \"用户ID\", \"after\": \"支付金额\", \"order\": 95.9375}, {\"kind\": \"object\", \"name\": \"商品ID\", \"after\": \"用户ID\", \"order\": 97.46875}, {\"kind\": \"text\", \"name\": \"联系电话\", \"after\": \"商品ID\", \"order\": 98.234375}, {\"kind\": \"text\", \"name\": \"收件人\", \"after\": \"联系电话\", \"order\": 98.6171875}, {\"kind\": \"text\", \"name\": \"地址\", \"after\": \"收件人\", \"order\": 98.80859375}, {\"kind\": \"text\", \"name\": \"快递\", \"after\": \"订单状态\", \"order\": 98.97607421875}, {\"kind\": \"text\", \"name\": \"快递单号\", \"after\": \"快递\", \"order\": 98.988037109375}, {\"kind\": \"text\", \"name\": \"备注\", \"after\": \"快递单号\", \"order\": 98.9940185546875}, {\"kind\": \"text\", \"name\": \"付款ID\", \"after\": \"支付渠道\", \"order\": 89.8125}, {\"kind\": \"text\", \"name\": \"订单状态\", \"order\": 98.9521484375, \"comment\": \"{\\\"dbColumnExtraInfo\\\":{},\\\"marker\\\":\\\"下单-待付款-已付款-发货-签收-退款-拒绝-完结-删除\\\"}\"}]"},{"id":149518,"nid":11370994,"dbId":"u10214730_cl7orlklnuo3egeu1jq0","col":"询盘邮件","op":"add","value":"{\"name\":\"询盘邮件\",\"kind\":\"object\",\"order\":98.97607421875,\"after\":\"服务时间\"}"},{"id":149769,"nid":11379312,"dbId":"u10214730_d4o0l17lnktnvrol0k5g","col":"订单状态","op":"change","value":"{\"name\":\"订单状态\",\"kind\":\"text\",\"order\":98.9521484375,\"comment\":\"{\\\"dbColumnExtraInfo\\\":{},\\\"marker\\\":\\\"待付款-已付款-待发货-已发货-退款中-已拒绝-已完结-删除\\\"}\"}"},{"id":149848,"nid":11379312,"dbId":"u10214730_d4o0l17lnktnvrol0k5g","col":"邮箱","op":"add","value":"{\"name\":\"邮箱\",\"kind\":\"text\",\"order\":97.8515625,\"after\":\"商品ID\"}"},{"id":149926,"nid":11379312,"dbId":"u10214730_d4o0l17lnktnvrol0k5g","col":"发货日期","op":"add","value":"{\"name\":\"发货日期\",\"kind\":\"date\",\"order\":98.99102783203125,\"after\":\"快递单号\"}"},{"id":149945,"nid":11379312,"dbId":"u10214730_ckpt5o77j5td3gd0e780","col":"状态","op":"add","value":"{\"name\":\"状态\",\"kind\":\"int\",\"order\":76.5,\"after\":\"IP\",\"comment\":\"删除=1\"}"},{"id":149946,"nid":11379312,"dbId":"u10214730_ckpt5igmfeq7vfc7cj8g","col":"状态","op":"add","value":"{\"name\":\"状态\",\"kind\":\"int\",\"order\":78,\"after\":\"url\",\"comment\":\"删除=1\"}"},{"id":150722,"nid":11375708,"dbId":"u10214730_d4o0l17lnktnvrol0k5g","col":"支付链接","op":"add","value":"{\"name\":\"支付链接\",\"kind\":\"text\",\"order\":88.28125,\"after\":\"支付渠道\"}"},{"id":150724,"nid":11375708,"dbId":"u10214730_cl7orlklnuo3egeu1jq0","col":"TT账号","op":"add","value":"{\"name\":\"TT账号\",\"kind\":\"text\",\"order\":98.988037109375,\"after\":\"询盘邮件\"}"},{"id":150748,"nid":11375708,"dbId":"u10214730_cl7orlklnuo3egeu1jq0","col":"USDT账号","op":"add","value":"{\"name\":\"USDT账号\",\"kind\":\"text\",\"order\":98.9940185546875,\"after\":\"TT账号\"}"},{"id":151071,"nid":11370994,"dbId":"u10214730_ckr5nqf7j5td3gd0fiqg","col":"优惠金额","op":"add","value":"{\"name\":\"优惠金额\",\"kind\":\"double\",\"order\":58.125,\"after\":\"规格价\"}"},{"id":151717,"nid":11370994,"dbId":"u10214730_d55mamv6ojaaj8cim350","op":"create","value":"[{\"kind\": \"int\", \"name\": \"_id\", \"index\": \"primary\", \"internal\": true, \"readOnly\": true}, {\"kind\": \"string\", \"name\": \"_user\", \"index\": \"normal\", \"order\": 99, \"kindLen\": 100, \"internal\": true, \"readOnly\": true}, {\"kind\": \"timestamp\", \"name\": \"_create\", \"index\": \"normal\", \"order\": 100, \"internal\": true, \"readOnly\": true}, {\"kind\": \"timestamp\", \"name\": \"_update\", \"order\": 101, \"internal\": true, \"readOnly\": true}, {\"kind\": \"text\", \"name\": \"券标题\", \"after\": \"_id\", \"order\": 50}, {\"kind\": \"text\", \"name\": \"使用场景\", \"after\": \"券标题\", \"order\": 74.5}, {\"kind\": \"date\", \"name\": \"开始时间\", \"after\": \"使用场景\", \"order\": 86.75}, {\"kind\": \"date\", \"name\": \"结束时间\", \"after\": \"开始时间\", \"order\": 92.875}, {\"kind\": \"text\", \"name\": \"券类型\", \"after\": \"结束时间\", \"order\": 95.9375, \"comment\": \"满减折券\"}, {\"kind\": \"int\", \"name\": \"券数量\", \"after\": \"券类型\", \"order\": 97.46875}, {\"kind\": \"int\", \"name\": \"优惠面额\", \"after\": \"券数量\", \"order\": 98.234375}, {\"kind\": \"int\", \"name\": \"使用门槛\", \"after\": \"优惠面额\", \"order\": 98.6171875}, {\"kind\": \"text\", \"name\": \"卖家ID\", \"after\": \"限领数量\", \"order\": 98.9521484375}, {\"kind\": \"int\", \"name\": \"状态\", \"after\": \"卖家ID\", \"order\": 98.97607421875, \"comment\": \"投放中1已结束2未开始3\"}, {\"kind\": \"text\", \"name\": \"创建者\", \"after\": \"状态\", \"order\": 98.988037109375}, {\"kind\": \"object\", \"name\": \"商品ID\", \"after\": \"使用范围\", \"order\": 98.8564453125}, {\"kind\": \"text\", \"name\": \"使用范围\", \"order\": 98.80859375}, {\"kind\": \"int\", \"name\": \"领取数\", \"after\": \"券数量\", \"order\": 97.8515625}]"},{"id":151718,"nid":11370994,"dbId":"u10214730_d55mb9v6ojaaj8cim35g","op":"create","value":"[{\"kind\": \"int\", \"name\": \"_id\", \"index\": \"primary\", \"internal\": true, \"readOnly\": true}, {\"kind\": \"string\", \"name\": \"_user\", \"index\": \"normal\", \"order\": 99, \"kindLen\": 100, \"internal\": true, \"readOnly\": true}, {\"kind\": \"timestamp\", \"name\": \"_create\", \"index\": \"normal\", \"order\": 100, \"internal\": true, \"readOnly\": true}, {\"kind\": \"timestamp\", \"name\": \"_update\", \"order\": 101, \"internal\": true, \"readOnly\": true}, {\"kind\": \"int\", \"name\": \"用户ID\", \"after\": \"_id\", \"order\": 50}, {\"kind\": \"int\", \"name\": \"优惠券ID\", \"after\": \"用户ID\", \"order\": 74.5}, {\"kind\": \"int\", \"name\": \"状态\", \"after\": \"优惠券ID\", \"order\": 86.75, \"comment\": \"未使用1已核销2已过期3\"}, {\"kind\": \"text\", \"name\": \"订单ID\", \"after\": \"状态\", \"order\": 92.875}, {\"kind\": \"date\", \"name\": \"开始时间\", \"after\": \"订单ID\", \"order\": 95.9375}, {\"kind\": \"date\", \"name\": \"结束时间\", \"after\": \"开始时间\", \"order\": 97.46875}, {\"kind\": \"text\", \"name\": \"券码\", \"after\": \"结束时间\", \"order\": 98.234375, \"comment\": \"可选用于兑换\"}, {\"kind\": \"text\", \"name\": \"卖家ID\", \"after\": \"_id\"}, {\"kind\": \"object\", \"name\": \"商品ID\", \"after\": \"状态\", \"order\": 89.8125}, {\"kind\": \"int\", \"name\": \"使用门槛\", \"after\": \"商品ID\", \"order\": 91.34375}, {\"kind\": \"int\", \"name\": \"优惠金额\", \"after\": \"使用门槛\", \"order\": 92.109375}, {\"kind\": \"text\", \"name\": \"使用范围\", \"after\": \"使用门槛\", \"order\": 91.7265625}]"},{"id":151719,"nid":11379312,"dbId":"u10214730_d4o0l17lnktnvrol0k5g","col":"优惠券ID","op":"add","value":"{\"name\":\"优惠券ID\",\"kind\":\"object\",\"order\":94.40625,\"after\":\"支付金额\"}"},{"id":151950,"nid":11370994,"dbId":"u10214730_ckpto877j5td3gd0e7hg","col":"结构化数据","op":"add","value":"{\"name\":\"结构化数据\",\"kind\":\"object\",\"order\":65.5,\"after\":\"交货说明\"}"},{"id":151951,"nid":11370994,"dbId":"u10214730_ckpto877j5td3gd0e7hg","col":"结构化数据","op":"change","value":"{\"name\":\"结构化数据\",\"kind\":\"object\",\"order\":65.5,\"comment\":\"{\\\"dbColumnExtraInfo\\\":{},\\\"marker\\\":\\\"品牌公司产品描述FAQ描述\\\"}\"}"},{"id":151952,"nid":11370994,"dbId":"u10214730_ckpto877j5td3gd0e7hg","col":"结构化数据","op":"change","value":"{\"name\":\"结构化数据\",\"kind\":\"object\",\"order\":65.5,\"comment\":\"{\\\"dbColumnExtraInfo\\\":{},\\\"marker\\\":\\\"品牌公司产品描述FAQ描述SEO关键词描述\\\"}\"}"}]