[{"id":56830,"nid":11370994,"dbId":"u10214730_ckpspfv7j5td3gd0e6v0","op":"create","value":"[{\"kind\": \"int\", \"name\": \"_id\", \"index\": \"primary\", \"internal\": true, \"readOnly\": true}, {\"kind\": \"string\", \"name\": \"_user\", \"index\": \"normal\", \"order\": 99, \"kindLen\": 100, \"internal\": true, \"readOnly\": true}, {\"kind\": \"timestamp\", \"name\": \"_create\", \"index\": \"normal\", \"order\": 100, \"internal\": true, \"readOnly\": true}, {\"kind\": \"timestamp\", \"name\": \"_update\", \"order\": 101, \"internal\": true, \"readOnly\": true}, {\"kind\": \"text\", \"name\": \"关键词\", \"order\": 51}, {\"kind\": \"text\", \"name\": \"英文关键词\", \"order\": 52}, {\"kind\": \"text\", \"name\": \"一级ID\", \"order\": 54}, {\"kind\": \"text\", \"name\": \"二级ID\", \"order\": 55}, {\"kind\": \"text\", \"name\": \"三级ID\", \"order\": 56}, {\"kind\": \"int\", \"name\": \"热度\", \"order\": 53}]"},{"id":56832,"nid":11370994,"dbId":"u10214730_ckr6epdd9iv250br42cg","op":"create","value":"[{\"kind\": \"int\", \"name\": \"_id\", \"index\": \"primary\", \"internal\": true, \"readOnly\": true}, {\"kind\": \"string\", \"name\": \"_user\", \"index\": \"normal\", \"order\": 1, \"kindLen\": 100, \"internal\": true}, {\"kind\": \"string\", \"name\": \"password\", \"order\": 2, \"internal\": true}, {\"kind\": \"string\", \"name\": \"openid\", \"index\": \"unique\", \"order\": 3, \"kindLen\": 32, \"internal\": true}, {\"kind\": \"string\", \"name\": \"unionid\", \"index\": \"normal\", \"order\": 3.5, \"kindLen\": 32, \"internal\": true}, {\"kind\": \"string\", \"name\": \"email\", \"index\": \"normal\", \"order\": 4, \"kindLen\": 50, \"internal\": true}, {\"kind\": \"string\", \"name\": \"nick\", \"order\": 5, \"kindLen\": 50, \"internal\": true}, {\"kind\": \"picture\", \"name\": \"headimgurl\", \"order\": 6, \"kindLen\": 255, \"internal\": true}, {\"kind\": \"bool\", \"name\": \"banned\", \"order\": 7, \"internal\": true}, {\"kind\": \"string\", \"name\": \"user_type\", \"order\": 8, \"internal\": true}, {\"kind\": \"int\", \"name\": \"account_type\", \"order\": 9, \"internal\": true}, {\"kind\": \"timestamp\", \"name\": \"_create\", \"index\": \"normal\", \"order\": 100, \"internal\": true, \"readOnly\": true}, {\"kind\": \"timestamp\", \"name\": \"_update\", \"order\": 101, \"internal\": true, \"readOnly\": true}, {\"kind\": \"int\", \"name\": \"待发货\", \"after\": \"总退款金额\", \"order\": 78}, {\"kind\": \"int\", \"name\": \"待收货\", \"after\": \"待发货\", \"order\": 89}, {\"kind\": \"int\", \"name\": \"退款中\", \"after\": \"待收货\", \"order\": 94.5}, {\"kind\": \"int\", \"name\": \"待付款\", \"after\": \"总退款金额\", \"order\": 67}, {\"kind\": \"double\", \"name\": \"总退款金额\", \"order\": 56}, {\"kind\": \"double\", \"name\": \"总消费金额\", \"order\": 55}]"},{"id":57044,"nid":11379312,"dbId":"u10214730_ckr6epdd9iv250br42cg","col":"删除","op":"add","value":"{\"name\":\"删除\",\"kind\":\"int\",\"order\":97.25,\"after\":\"退款中\"}"},{"id":57045,"nid":11379312,"dbId":"u10214730_ckr6epdd9iv250br42cg","col":"删除","op":"change","value":"{\"name\":\"删除\",\"kind\":\"int\",\"order\":97.25}"},{"id":57046,"nid":11379312,"dbId":"u10214730_ckr6epdd9iv250br42cg","col":"卖家ID","op":"add","value":"{\"name\":\"卖家ID\",\"kind\":\"text\",\"order\":98.625,\"after\":\"删除\"}"},{"id":60635,"nid":11401364,"dbId":"u10214730_cle6lad39kss7gk21idg","op":"create","value":"[{\"kind\": \"int\", \"name\": \"_id\", \"index\": \"primary\", \"internal\": true, \"readOnly\": true}, {\"kind\": \"string\", \"name\": \"_user\", \"index\": \"normal\", \"order\": 99, \"kindLen\": 100, \"internal\": true, \"readOnly\": true}, {\"kind\": \"timestamp\", \"name\": \"_create\", \"index\": \"normal\", \"order\": 100, \"internal\": true, \"readOnly\": true}, {\"kind\": \"timestamp\", \"name\": \"_update\", \"order\": 101, \"internal\": true, \"readOnly\": true}, {\"kind\": \"text\", \"name\": \"分类名称\", \"after\": \"_id\", \"order\": 50}, {\"kind\": \"text\", \"name\": \"博客数量\", \"after\": \"分类名称\", \"order\": 74.5}, {\"kind\": \"int\", \"name\": \"是否删除\", \"after\": \"博客数量\", \"order\": 86.75}, {\"kind\": \"text\", \"name\": \"卖家ID\", \"after\": \"是否删除\", \"order\": 92.875}]"},{"id":64495,"nid":11379312,"dbId":"u10214730_ckr6epdd9iv250br42cg","col":"职位","op":"add","value":"{\"name\":\"职位\",\"kind\":\"text\",\"order\":99.3125,\"after\":\"卖家ID\"}"},{"id":64499,"nid":11379312,"dbId":"u10214730_ckr6epdd9iv250br42cg","col":"姓名","op":"add","value":"{\"name\":\"姓名\",\"kind\":\"text\",\"order\":98.96875,\"after\":\"卖家ID\"}"},{"id":64685,"nid":11401364,"dbId":"u10214730_cmb2bntjbbtc4868avt0","op":"create","value":"[{\"kind\": \"int\", \"name\": \"_id\", \"index\": \"primary\", \"internal\": true, \"readOnly\": true}, {\"kind\": \"string\", \"name\": \"path\", \"index\": \"unique\", \"order\": 1, \"kindLen\": 64, \"internal\": true, \"caseSensitive\": true}, {\"kind\": \"string\", \"name\": \"title\", \"order\": 2, \"kindLen\": 256, \"internal\": true}, {\"kind\": \"text\", \"name\": \"keywords\", \"order\": 3, \"internal\": true}, {\"kind\": \"text\", \"name\": \"description\", \"order\": 4, \"internal\": true}, {\"kind\": \"string\", \"name\": \"_user\", \"index\": \"normal\", \"order\": 99, \"kindLen\": 100, \"internal\": true, \"readOnly\": true}, {\"kind\": \"timestamp\", \"name\": \"_create\", \"index\": \"normal\", \"order\": 100, \"internal\": true, \"readOnly\": true}, {\"kind\": \"timestamp\", \"name\": \"_update\", \"order\": 101, \"internal\": true, \"readOnly\": true}, {\"kind\": \"text\", \"name\": \"博客纯文本\", \"order\": 57}, {\"kind\": \"picture\", \"name\": \"封面图\", \"order\": 52}, {\"kind\": \"int\", \"name\": \"阅读量\", \"order\": 60}, {\"kind\": \"int\", \"name\": \"分类ID\", \"order\": 54}, {\"kind\": \"int\", \"name\": \"用户ID\", \"order\": 58}, {\"kind\": \"int\", \"name\": \"是否删除\", \"order\": 61}, {\"kind\": \"object\", \"name\": \"博客内容\", \"order\": 56}, {\"kind\": \"object\", \"name\": \"标签\", \"order\": 55}]"},{"id":64708,"nid":11379312,"dbId":"u10214730_cmb2bntjbbtc4868avt0","col":"博客纯文本","op":"drop","value":"{}"},{"id":64709,"nid":11379312,"dbId":"u10214730_cmb2bntjbbtc4868avt0","col":"卖家ID","op":"add","value":"{\"name\":\"卖家ID\",\"kind\":\"text\",\"order\":59}"},{"id":64710,"nid":11379312,"dbId":"u10214730_cmb2bntjbbtc4868avt0","col":"卖家ID","op":"change","value":"{\"name\":\"SID\",\"kind\":\"text\",\"order\":59}"},{"id":67614,"nid":11447208,"dbId":"u10214730_ckr6epdd9iv250br42cg","col":"余额","op":"add","value":"{\"name\":\"余额\",\"kind\":\"double\",\"order\":99.65625,\"after\":\"职位\"}"},{"id":67615,"nid":11447208,"dbId":"u10214730_ckr6epdd9iv250br42cg","col":"余额","op":"drop","value":"{}"},{"id":67707,"nid":11447208,"dbId":"u10214730_ckr6epdd9iv250br42cg","col":"剩余tokens","op":"add","value":"{\"name\":\"剩余tokens\",\"kind\":\"int\",\"order\":99.65625,\"after\":\"职位\"}"},{"id":67708,"nid":11447208,"dbId":"u10214730_ckr6epdd9iv250br42cg","col":"剩余图片资源","op":"add","value":"{\"name\":\"剩余图片资源\",\"kind\":\"int\",\"order\":99.828125,\"after\":\"剩余tokens\"}"},{"id":67709,"nid":11447208,"dbId":"u10214730_ckr6epdd9iv250br42cg","col":"剩余图片资源","op":"change","value":"{\"name\":\"剩余图片数\",\"kind\":\"int\",\"order\":99.828125}"},{"id":67710,"nid":11447208,"dbId":"u10214730_ckr6epdd9iv250br42cg","col":"剩余tokens","op":"change","value":"{\"name\":\"剩余tokens数\",\"kind\":\"int\",\"order\":99.65625}"},{"id":67821,"nid":11447208,"dbId":"u10214730_ckr6epdd9iv250br42cg","col":"赠送token","op":"add","value":"{\"name\":\"赠送token\",\"kind\":\"int\",\"order\":99.9140625,\"after\":\"剩余图片数\"}"},{"id":67822,"nid":11447208,"dbId":"u10214730_ckr6epdd9iv250br42cg","col":"赠送图片","op":"add","value":"{\"name\":\"赠送图片\",\"kind\":\"int\",\"order\":99.95703125,\"after\":\"赠送token\"}"},{"id":68461,"nid":11447208,"dbId":"u10214730_ckr6epdd9iv250br42cg","col":"剩余tokens数","op":"drop","value":"{}"},{"id":68462,"nid":11447208,"dbId":"u10214730_ckr6epdd9iv250br42cg","col":"剩余图片数","op":"drop","value":"{}"},{"id":68463,"nid":11447208,"dbId":"u10214730_ckr6epdd9iv250br42cg","col":"赠送token","op":"drop","value":"{}"},{"id":68464,"nid":11447208,"dbId":"u10214730_ckr6epdd9iv250br42cg","col":"赠送图片","op":"drop","value":"{}"},{"id":97953,"nid":11401364,"dbId":"u10214730_cmb2bntjbbtc4868avt0","col":"点赞数","op":"add","value":"{\"name\":\"点赞数\",\"kind\":\"int\",\"order\":80,\"after\":\"是否删除\"}"},{"id":97956,"nid":11401364,"dbId":"u10214730_cmb2bntjbbtc4868avt0","col":"昵称","op":"add","value":"{\"name\":\"昵称\",\"kind\":\"text\",\"order\":89.5,\"after\":\"点赞数\"}"},{"id":97957,"nid":11401364,"dbId":"u10214730_cmb2bntjbbtc4868avt0","col":"昵称","op":"drop","value":"{}"},{"id":99723,"nid":11379312,"dbId":"u10214730_cle6lad39kss7gk21idg","col":"博客数量","op":"change","value":"{\"name\":\"博客数量\",\"kind\":\"int\",\"order\":74.5}"},{"id":145574,"nid":11401364,"dbId":"u10214730_cmb2bntjbbtc4868avt0","col":"LD结构数据","op":"add","value":"{\"name\":\"LD结构数据\",\"kind\":\"object\",\"order\":57,\"after\":\"博客内容\"}"},{"id":145576,"nid":11401364,"dbId":"u10214730_cmb2bntjbbtc4868avt0","col":"LD结构数据","op":"change","value":"{\"name\":\"LD结构数据\",\"kind\":\"text\",\"order\":57}"}]